gene,name,position,wt_aa,mut_aa,label,ll_proper,model_name,scoring_mode
TP53,NM_000546.6(TP53):c.742C>T (p.Arg248Trp),247,R,W,1,12.51545798778534,facebook/esm1v_t33_650M_UR90S_3,full_sequence
TP53,NM_000546.6(TP53):c.733G>T (p.Gly245Cys),244,G,C,1,12.562426567077637,facebook/esm1v_t33_650M_UR90S_3,full_sequence
TP53,NM_000546.6(TP53):c.215C>G (p.Pro72Arg),71,P,R,0,6.04180908203125,facebook/esm1v_t33_650M_UR90S_3,full_sequence
TP53,NM_000546.6(TP53):c.743G>A (p.Arg248Gln),247,R,Q,1,9.70295798778534,facebook/esm1v_t33_650M_UR90S_3,full_sequence
TP53,NM_000546.6(TP53):c.398T>C (p.Met133Thr),132,M,T,1,5.8134765625,facebook/esm1v_t33_650M_UR90S_3,full_sequence
TP53,NM_000546.6(TP53):c.733G>A (p.Gly245Ser),244,G,S,1,10.663989067077637,facebook/esm1v_t33_650M_UR90S_3,full_sequence
TP53,NM_000546.6(TP53):c.818G>A (p.Arg273His),272,R,H,1,9.03841781616211,facebook/esm1v_t33_650M_UR90S_3,full_sequence
TP53,NM_000546.6(TP53):c.524G>A (p.Arg175His),174,R,H,1,9.303822994232178,facebook/esm1v_t33_650M_UR90S_3,full_sequence
TP53,NM_000546.6(TP53):c.1031T>C (p.Leu344Pro),343,L,P,1,12.83489990234375,facebook/esm1v_t33_650M_UR90S_3,full_sequence
TP53,NM_000546.6(TP53):c.412G>C (p.Ala138Pro),137,A,P,1,10.646924018859863,facebook/esm1v_t33_650M_UR90S_3,full_sequence
TP53,NM_000546.6(TP53):c.659A>C (p.Tyr220Ser),219,Y,S,1,10.569838047027588,facebook/esm1v_t33_650M_UR90S_3,full_sequence
TP53,NM_000546.6(TP53):c.854A>T (p.Glu285Val),284,E,V,1,8.135303497314453,facebook/esm1v_t33_650M_UR90S_3,full_sequence
TP53,NM_000546.6(TP53):c.1040C>A (p.Ala347Asp),346,A,D,1,8.9891357421875,facebook/esm1v_t33_650M_UR90S_3,full_sequence
TP53,NM_000546.6(TP53):c.139C>T (p.Pro47Ser),46,P,S,0,3.487060546875,facebook/esm1v_t33_650M_UR90S_3,full_sequence
TP53,NM_000546.6(TP53):c.1093C>T (p.His365Tyr),364,H,Y,0,4.8349609375,facebook/esm1v_t33_650M_UR90S_3,full_sequence
TP53,NM_000546.6(TP53):c.887A>G (p.His296Arg),295,H,R,1,2.65283203125,facebook/esm1v_t33_650M_UR90S_3,full_sequence
TP53,NM_000546.6(TP53):c.28G>A (p.Val10Ile),9,V,I,0,4.556640625,facebook/esm1v_t33_650M_UR90S_3,full_sequence
TP53,NM_000546.6(TP53):c.329G>A (p.Arg110His),109,R,H,0,5.5205078125,facebook/esm1v_t33_650M_UR90S_3,full_sequence
TP53,NM_000546.6(TP53):c.488A>G (p.Tyr163Cys),162,Y,C,1,9.158863067626953,facebook/esm1v_t33_650M_UR90S_3,full_sequence
TP53,NM_000546.6(TP53):c.572C>G (p.Pro191Arg),190,P,R,0,7.922946929931641,facebook/esm1v_t33_650M_UR90S_3,full_sequence
TP53,NM_000546.6(TP53):c.659A>G (p.Tyr220Cys),219,Y,C,1,10.632338047027588,facebook/esm1v_t33_650M_UR90S_3,full_sequence
TP53,NM_000546.6(TP53):c.704A>G (p.Asn235Ser),234,N,S,0,5.5809173583984375,facebook/esm1v_t33_650M_UR90S_3,full_sequence
TP53,NM_000546.6(TP53):c.800G>A (p.Arg267Gln),266,R,Q,1,7.4437971115112305,facebook/esm1v_t33_650M_UR90S_3,full_sequence
TP53,NM_000546.6(TP53):c.847C>T (p.Arg283Cys),282,R,C,0,8.712738037109375,facebook/esm1v_t33_650M_UR90S_3,full_sequence
TP53,NM_000546.6(TP53):c.869G>A (p.Arg290His),289,R,H,0,5.1190185546875,facebook/esm1v_t33_650M_UR90S_3,full_sequence
TP53,NM_000546.6(TP53):c.877G>T (p.Gly293Trp),292,G,W,0,6.814453125,facebook/esm1v_t33_650M_UR90S_3,full_sequence
TP53,NM_000546.6(TP53):c.886C>T (p.His296Tyr),295,H,Y,0,4.45361328125,facebook/esm1v_t33_650M_UR90S_3,full_sequence
TP53,NM_000546.6(TP53):c.1096T>G (p.Ser366Ala),365,S,A,0,4.546630859375,facebook/esm1v_t33_650M_UR90S_3,full_sequence
TP53,NM_000546.6(TP53):c.145G>C (p.Asp49His),48,D,H,0,5.2476806640625,facebook/esm1v_t33_650M_UR90S_3,full_sequence
TP53,NM_000546.6(TP53):c.21T>A (p.Asp7Glu),6,D,E,0,2.82177734375,facebook/esm1v_t33_650M_UR90S_3,full_sequence
TP53,NM_000546.5(TP53):c.319T>C (p.Tyr107His),106,Y,H,0,0.373046875,facebook/esm1v_t33_650M_UR90S_3,full_sequence
TP53,NM_000546.6(TP53):c.844C>G (p.Arg282Gly),281,R,G,1,12.35831069946289,facebook/esm1v_t33_650M_UR90S_3,full_sequence
TP53,NM_000546.6(TP53):c.250G>A (p.Ala84Thr),83,A,T,0,5.178466796875,facebook/esm1v_t33_650M_UR90S_3,full_sequence
TP53,NM_000546.6(TP53):c.144C>A (p.Asp48Glu),47,D,E,0,2.560546875,facebook/esm1v_t33_650M_UR90S_3,full_sequence
TP53,NM_000546.6(TP53):c.364G>A (p.Val122Met),121,V,M,0,7.390979766845703,facebook/esm1v_t33_650M_UR90S_3,full_sequence
TP53,NM_000546.6(TP53):c.935C>G (p.Thr312Ser),311,T,S,0,2.445556640625,facebook/esm1v_t33_650M_UR90S_3,full_sequence
TP53,NM_000546.6(TP53):c.842A>G (p.Asp281Gly),280,D,G,1,11.749749898910522,facebook/esm1v_t33_650M_UR90S_3,full_sequence
TP53,NM_000546.6(TP53):c.1003C>T (p.Arg335Cys),334,R,C,0,6.993316650390625,facebook/esm1v_t33_650M_UR90S_3,full_sequence
TP53,NM_000546.6(TP53):c.784G>A (p.Gly262Ser),261,G,S,0,10.280926942825317,facebook/esm1v_t33_650M_UR90S_3,full_sequence
TP53,NM_000546.6(TP53):c.554G>A (p.Ser185Asn),184,S,N,0,4.039794921875,facebook/esm1v_t33_650M_UR90S_3,full_sequence
TP53,NM_000546.6(TP53):c.1163A>C (p.Glu388Ala),387,E,A,0,4.028564453125,facebook/esm1v_t33_650M_UR90S_3,full_sequence
TP53,NM_000546.6(TP53):c.892G>A (p.Glu298Lys),297,E,K,0,3.9658203125,facebook/esm1v_t33_650M_UR90S_3,full_sequence
TP53,NM_000546.6(TP53):c.221C>T (p.Ala74Val),73,A,V,0,5.207000732421875,facebook/esm1v_t33_650M_UR90S_3,full_sequence
TP53,NM_000546.6(TP53):c.511G>A (p.Glu171Lys),170,E,K,0,9.834281921386719,facebook/esm1v_t33_650M_UR90S_3,full_sequence
TP53,NM_000546.6(TP53):c.107C>A (p.Pro36Gln),35,P,Q,0,3.4306640625,facebook/esm1v_t33_650M_UR90S_3,full_sequence
TP53,NM_000546.6(TP53):c.1015G>C (p.Glu339Gln),338,E,Q,0,6.0189666748046875,facebook/esm1v_t33_650M_UR90S_3,full_sequence
TP53,NM_000546.6(TP53):c.1079G>C (p.Gly360Ala),359,G,A,0,3.713134765625,facebook/esm1v_t33_650M_UR90S_3,full_sequence
TP53,NM_000546.6(TP53):c.998G>A (p.Arg333His),332,R,H,0,7.22698974609375,facebook/esm1v_t33_650M_UR90S_3,full_sequence
TP53,NM_000546.6(TP53):c.907A>G (p.Ser303Gly),302,S,G,0,4.2176513671875,facebook/esm1v_t33_650M_UR90S_3,full_sequence
TP53,NM_000546.6(TP53):c.217G>A (p.Val73Met),72,V,M,0,5.630859375,facebook/esm1v_t33_650M_UR90S_3,full_sequence
TP53,NM_000546.6(TP53):c.322G>A (p.Gly108Ser),107,G,S,0,4.60455322265625,facebook/esm1v_t33_650M_UR90S_3,full_sequence
TP53,NM_000546.6(TP53):c.1009C>T (p.Arg337Cys),336,R,C,1,3.8212890625,facebook/esm1v_t33_650M_UR90S_3,full_sequence
TP53,NM_000546.6(TP53):c.105G>C (p.Leu35Phe),34,L,F,0,4.50390625,facebook/esm1v_t33_650M_UR90S_3,full_sequence
TP53,NM_000546.6(TP53):c.541C>T (p.Arg181Cys),180,R,C,1,4.60791015625,facebook/esm1v_t33_650M_UR90S_3,full_sequence
TP53,NM_000546.6(TP53):c.711G>A (p.Met237Ile),236,M,I,1,9.271557807922363,facebook/esm1v_t33_650M_UR90S_3,full_sequence
TP53,NM_000546.6(TP53):c.455C>T (p.Pro152Leu),151,P,L,1,7.338588714599609,facebook/esm1v_t33_650M_UR90S_3,full_sequence
TP53,NM_000546.6(TP53):c.1010G>T (p.Arg337Leu),336,R,L,1,4.9267578125,facebook/esm1v_t33_650M_UR90S_3,full_sequence
TP53,NM_000546.6(TP53):c.214C>G (p.Pro72Ala),71,P,A,0,3.16680908203125,facebook/esm1v_t33_650M_UR90S_3,full_sequence
TP53,NM_000546.6(TP53):c.1010G>C (p.Arg337Pro),336,R,P,1,5.5517578125,facebook/esm1v_t33_650M_UR90S_3,full_sequence
TP53,NM_000546.6(TP53):c.1150A>G (p.Met384Val),383,M,V,0,1.5673828125,facebook/esm1v_t33_650M_UR90S_3,full_sequence
TP53,NM_000546.6(TP53):c.524G>T (p.Arg175Leu),174,R,L,1,10.389760494232178,facebook/esm1v_t33_650M_UR90S_3,full_sequence
TP53,NM_000546.6(TP53):c.370T>A (p.Cys124Ser),123,C,S,0,6.8843994140625,facebook/esm1v_t33_650M_UR90S_3,full_sequence
TP53,NM_000546.6(TP53):c.344A>G (p.His115Arg),114,H,R,0,2.8154296875,facebook/esm1v_t33_650M_UR90S_3,full_sequence
TP53,NM_000546.6(TP53):c.245C>T (p.Pro82Leu),81,P,L,0,6.3118896484375,facebook/esm1v_t33_650M_UR90S_3,full_sequence
TP53,NM_000546.6(TP53):c.188C>T (p.Ala63Val),62,A,V,0,4.4112548828125,facebook/esm1v_t33_650M_UR90S_3,full_sequence
TP53,NM_000546.6(TP53):c.1135C>A (p.Arg379Ser),378,R,S,0,2.194580078125,facebook/esm1v_t33_650M_UR90S_3,full_sequence
TP53,NM_000546.6(TP53):c.997C>T (p.Arg333Cys),332,R,C,0,7.97308349609375,facebook/esm1v_t33_650M_UR90S_3,full_sequence
TP53,NM_000546.6(TP53):c.943T>A (p.Ser315Thr),314,S,T,0,4.379150390625,facebook/esm1v_t33_650M_UR90S_3,full_sequence
TP53,NM_000546.6(TP53):c.814G>A (p.Val272Met),271,V,M,1,9.413204193115234,facebook/esm1v_t33_650M_UR90S_3,full_sequence
TP53,NM_000546.6(TP53):c.527G>A (p.Cys176Tyr),175,C,Y,1,9.5622638463974,facebook/esm1v_t33_650M_UR90S_3,full_sequence
TP53,NM_000546.6(TP53):c.509C>T (p.Thr170Met),169,T,M,0,8.004005432128906,facebook/esm1v_t33_650M_UR90S_3,full_sequence
TP53,NM_000546.6(TP53):c.469G>A (p.Val157Ile),156,V,I,0,5.0215301513671875,facebook/esm1v_t33_650M_UR90S_3,full_sequence
TP53,NM_000546.6(TP53):c.413C>T (p.Ala138Val),137,A,V,1,7.615674018859863,facebook/esm1v_t33_650M_UR90S_3,full_sequence
TP53,NM_000546.6(TP53):c.215C>A (p.Pro72His),71,P,H,0,7.26446533203125,facebook/esm1v_t33_650M_UR90S_3,full_sequence
TP53,NM_000546.6(TP53):c.145G>A (p.Asp49Asn),48,D,N,0,4.7476806640625,facebook/esm1v_t33_650M_UR90S_3,full_sequence
TP53,NM_000546.6(TP53):c.589G>A (p.Val197Met),196,V,M,1,9.98963737487793,facebook/esm1v_t33_650M_UR90S_3,full_sequence
TP53,NM_000546.6(TP53):c.1136G>T (p.Arg379Leu),378,R,L,0,3.468017578125,facebook/esm1v_t33_650M_UR90S_3,full_sequence
TP53,NM_000546.6(TP53):c.1025G>C (p.Arg342Pro),341,R,P,1,9.283203125,facebook/esm1v_t33_650M_UR90S_3,full_sequence
TP53,NM_000546.6(TP53):c.868C>T (p.Arg290Cys),289,R,C,0,5.8612060546875,facebook/esm1v_t33_650M_UR90S_3,full_sequence
TP53,NM_000546.6(TP53):c.851C>T (p.Thr284Ile),283,T,I,0,5.34912109375,facebook/esm1v_t33_650M_UR90S_3,full_sequence
TP53,NM_000546.6(TP53):c.584T>C (p.Ile195Thr),194,I,T,1,7.8633270263671875,facebook/esm1v_t33_650M_UR90S_3,full_sequence
TP53,NM_000546.6(TP53):c.374C>A (p.Thr125Lys),124,T,K,1,9.02370834350586,facebook/esm1v_t33_650M_UR90S_3,full_sequence
TP53,NM_000546.6(TP53):c.149T>C (p.Ile50Thr),49,I,T,0,4.603271484375,facebook/esm1v_t33_650M_UR90S_3,full_sequence
TP53,NM_000546.6(TP53):c.380C>G (p.Ser127Cys),126,S,C,1,7.953264236450195,facebook/esm1v_t33_650M_UR90S_3,full_sequence
TP53,NM_000546.6(TP53):c.517G>A (p.Val173Met),172,V,M,1,8.451522827148438,facebook/esm1v_t33_650M_UR90S_3,full_sequence
TP53,NM_000546.6(TP53):c.1120G>C (p.Gly374Arg),373,G,R,0,3.264404296875,facebook/esm1v_t33_650M_UR90S_3,full_sequence
TP53,NM_000546.6(TP53):c.1066G>C (p.Gly356Arg),355,G,R,0,3.6005859375,facebook/esm1v_t33_650M_UR90S_3,full_sequence
TP53,NM_000546.6(TP53):c.1060C>A (p.Gln354Lys),353,Q,K,0,3.548828125,facebook/esm1v_t33_650M_UR90S_3,full_sequence
TP53,NM_000546.6(TP53):c.1025G>A (p.Arg342Gln),341,R,Q,0,3.783203125,facebook/esm1v_t33_650M_UR90S_3,full_sequence
TP53,NM_000546.6(TP53):c.949C>A (p.Gln317Lys),316,Q,K,0,3.65771484375,facebook/esm1v_t33_650M_UR90S_3,full_sequence
TP53,NM_000546.6(TP53):c.946C>A (p.Pro316Thr),315,P,T,0,3.805419921875,facebook/esm1v_t33_650M_UR90S_3,full_sequence
TP53,NM_000546.6(TP53):c.833C>T (p.Pro278Leu),277,P,L,1,9.741780757904053,facebook/esm1v_t33_650M_UR90S_3,full_sequence
TP53,NM_000546.6(TP53):c.779C>A (p.Ser260Tyr),259,S,Y,0,6.272705078125,facebook/esm1v_t33_650M_UR90S_3,full_sequence
TP53,NM_000546.6(TP53):c.743G>T (p.Arg248Leu),247,R,L,1,13.38264548778534,facebook/esm1v_t33_650M_UR90S_3,full_sequence
TP53,NM_000546.6(TP53):c.558T>A (p.Asp186Glu),185,D,E,0,2.8653564453125,facebook/esm1v_t33_650M_UR90S_3,full_sequence
TP53,NM_000546.6(TP53):c.480G>A (p.Met160Ile),159,M,I,0,5.2406005859375,facebook/esm1v_t33_650M_UR90S_3,full_sequence
TP53,NM_000546.6(TP53):c.401T>G (p.Phe134Cys),133,F,C,1,7.87451171875,facebook/esm1v_t33_650M_UR90S_3,full_sequence
TP53,NM_000546.6(TP53):c.329G>C (p.Arg110Pro),109,R,P,1,5.4501953125,facebook/esm1v_t33_650M_UR90S_3,full_sequence
TP53,NM_000546.6(TP53):c.188C>G (p.Ala63Gly),62,A,G,0,4.0128173828125,facebook/esm1v_t33_650M_UR90S_3,full_sequence
TP53,NM_000546.6(TP53):c.187G>A (p.Ala63Thr),62,A,T,0,4.5401611328125,facebook/esm1v_t33_650M_UR90S_3,full_sequence
TP53,NM_000546.6(TP53):c.28G>C (p.Val10Leu),9,V,L,0,2.08984375,facebook/esm1v_t33_650M_UR90S_3,full_sequence
TP53,NM_000546.6(TP53):c.23C>T (p.Pro8Leu),7,P,L,0,3.9085693359375,facebook/esm1v_t33_650M_UR90S_3,full_sequence
TP53,NM_000546.6(TP53):c.1009C>G (p.Arg337Gly),336,R,G,1,3.4267578125,facebook/esm1v_t33_650M_UR90S_3,full_sequence
TP53,NM_000546.6(TP53):c.11C>T (p.Pro4Leu),3,P,L,0,3.78369140625,facebook/esm1v_t33_650M_UR90S_3,full_sequence
TP53,NM_000546.6(TP53):c.1136G>A (p.Arg379His),378,R,H,0,3.835205078125,facebook/esm1v_t33_650M_UR90S_3,full_sequence
TP53,NM_000546.6(TP53):c.538G>A (p.Glu180Lys),179,E,K,1,5.0606689453125,facebook/esm1v_t33_650M_UR90S_3,full_sequence
TP53,NM_000546.6(TP53):c.490A>G (p.Lys164Glu),163,K,E,1,10.092959880828857,facebook/esm1v_t33_650M_UR90S_3,full_sequence
TP53,NM_000546.6(TP53):c.473G>C (p.Arg158Pro),157,R,P,1,10.988710403442383,facebook/esm1v_t33_650M_UR90S_3,full_sequence
TP53,NM_000546.6(TP53):c.403T>G (p.Cys135Gly),134,C,G,1,11.195007801055908,facebook/esm1v_t33_650M_UR90S_3,full_sequence
TP53,NM_000546.6(TP53):c.423C>G (p.Cys141Trp),140,C,W,1,11.990527153015137,facebook/esm1v_t33_650M_UR90S_3,full_sequence
TP53,NM_000546.6(TP53):c.726C>G (p.Cys242Trp),241,C,W,1,13.92183804512024,facebook/esm1v_t33_650M_UR90S_3,full_sequence
TP53,NM_000546.6(TP53):c.824G>T (p.Cys275Phe),274,C,F,1,13.07028317451477,facebook/esm1v_t33_650M_UR90S_3,full_sequence
TP53,NM_000546.6(TP53):c.857A>C (p.Glu286Ala),285,E,A,1,5.748321533203125,facebook/esm1v_t33_650M_UR90S_3,full_sequence
TP53,NM_000546.6(TP53):c.808T>G (p.Phe270Val),269,F,V,1,9.29603099822998,facebook/esm1v_t33_650M_UR90S_3,full_sequence
TP53,NM_000546.6(TP53):c.730G>A (p.Gly244Ser),243,G,S,1,9.773285746574402,facebook/esm1v_t33_650M_UR90S_3,full_sequence
TP53,NM_000546.6(TP53):c.731G>T (p.Gly244Val),243,G,V,1,12.499848246574402,facebook/esm1v_t33_650M_UR90S_3,full_sequence
TP53,NM_000546.6(TP53):c.734G>T (p.Gly245Val),244,G,V,1,13.148364067077637,facebook/esm1v_t33_650M_UR90S_3,full_sequence
TP53,NM_000546.6(TP53):c.796G>C (p.Gly266Arg),265,G,R,1,9.989055633544922,facebook/esm1v_t33_650M_UR90S_3,full_sequence
TP53,NM_000546.6(TP53):c.578A>C (p.His193Pro),192,H,P,1,10.224504470825195,facebook/esm1v_t33_650M_UR90S_3,full_sequence
TP53,NM_000546.6(TP53):c.641A>G (p.His214Arg),213,H,R,1,6.733642578125,facebook/esm1v_t33_650M_UR90S_3,full_sequence
TP53,NM_000546.6(TP53):c.641A>T (p.His214Leu),213,H,L,1,8.714111328125,facebook/esm1v_t33_650M_UR90S_3,full_sequence
TP53,NM_000546.6(TP53):c.396G>C (p.Lys132Asn),131,K,N,1,9.089340209960938,facebook/esm1v_t33_650M_UR90S_3,full_sequence
TP53,NM_000546.6(TP53):c.332T>C (p.Leu111Pro),110,L,P,1,10.26596450805664,facebook/esm1v_t33_650M_UR90S_3,full_sequence
TP53,NM_000546.6(TP53):c.332T>G (p.Leu111Arg),110,L,R,1,11.20346450805664,facebook/esm1v_t33_650M_UR90S_3,full_sequence
TP53,NM_000546.6(TP53):c.332T>A (p.Leu111Gln),110,L,Q,1,10.71908950805664,facebook/esm1v_t33_650M_UR90S_3,full_sequence
TP53,NM_000546.6(TP53):c.581T>G (p.Leu194Arg),193,L,R,1,9.238351821899414,facebook/esm1v_t33_650M_UR90S_3,full_sequence
TP53,NM_000546.6(TP53):c.451C>G (p.Pro151Ala),150,P,A,1,5.976863861083984,facebook/esm1v_t33_650M_UR90S_3,full_sequence
TP53,NM_000546.6(TP53):c.523C>G (p.Arg175Gly),174,R,G,1,11.319447994232178,facebook/esm1v_t33_650M_UR90S_3,full_sequence
TP53,NM_000546.6(TP53):c.818G>T (p.Arg273Leu),272,R,L,1,12.46810531616211,facebook/esm1v_t33_650M_UR90S_3,full_sequence
TP53,NM_000546.6(TP53):c.817C>A (p.Arg273Ser),272,R,S,1,11.75716781616211,facebook/esm1v_t33_650M_UR90S_3,full_sequence
TP53,NM_000546.6(TP53):c.487T>C (p.Tyr163His),162,Y,H,1,6.108081817626953,facebook/esm1v_t33_650M_UR90S_3,full_sequence
TP53,NM_000546.6(TP53):c.614A>G (p.Tyr205Cys),204,Y,C,1,9.742950439453125,facebook/esm1v_t33_650M_UR90S_3,full_sequence
TP53,NM_000546.6(TP53):c.760A>G (p.Ile254Val),253,I,V,0,6.333196640014648,facebook/esm1v_t33_650M_UR90S_3,full_sequence
TP53,NM_000546.6(TP53):c.556G>A (p.Asp186Asn),185,D,N,0,4.5235595703125,facebook/esm1v_t33_650M_UR90S_3,full_sequence
TP53,NM_000546.6(TP53):c.537T>A (p.His179Gln),178,H,Q,1,2.973388671875,facebook/esm1v_t33_650M_UR90S_3,full_sequence
TP53,NM_000546.6(TP53):c.329G>T (p.Arg110Leu),109,R,L,1,7.1455078125,facebook/esm1v_t33_650M_UR90S_3,full_sequence
TP53,NM_000546.6(TP53):c.1151T>C (p.Met384Thr),383,M,T,0,1.5810546875,facebook/esm1v_t33_650M_UR90S_3,full_sequence
TP53,NM_000546.6(TP53):c.875A>G (p.Lys292Arg),291,K,R,0,2.826416015625,facebook/esm1v_t33_650M_UR90S_3,full_sequence
TP53,NM_000546.6(TP53):c.569C>T (p.Pro190Leu),189,P,L,1,4.47088623046875,facebook/esm1v_t33_650M_UR90S_3,full_sequence
TP53,NM_000546.6(TP53):c.353C>T (p.Thr118Ile),117,T,I,0,7.479736328125,facebook/esm1v_t33_650M_UR90S_3,full_sequence
TP53,NM_000546.6(TP53):c.1000G>T (p.Gly334Trp),333,G,W,1,14.858768939971924,facebook/esm1v_t33_650M_UR90S_3,full_sequence
TP53,NM_000546.6(TP53):c.930C>G (p.Asn310Lys),309,N,K,0,3.77978515625,facebook/esm1v_t33_650M_UR90S_3,full_sequence
TP53,NM_000546.6(TP53):c.883C>T (p.Pro295Ser),294,P,S,0,3.25,facebook/esm1v_t33_650M_UR90S_3,full_sequence
TP53,NM_000546.6(TP53):c.800G>C (p.Arg267Pro),266,R,P,1,11.77973461151123,facebook/esm1v_t33_650M_UR90S_3,full_sequence
TP53,NM_000546.6(TP53):c.389T>C (p.Leu130Pro),129,L,P,1,10.396188735961914,facebook/esm1v_t33_650M_UR90S_3,full_sequence
TP53,NM_000546.6(TP53):c.596G>T (p.Gly199Val),198,G,V,1,12.382609009742737,facebook/esm1v_t33_650M_UR90S_3,full_sequence
TP53,NM_000546.6(TP53):c.1153T>C (p.Phe385Leu),384,F,L,0,1.9140625,facebook/esm1v_t33_650M_UR90S_3,full_sequence
TP53,NM_000546.6(TP53):c.920C>G (p.Ala307Gly),306,A,G,0,4.685302734375,facebook/esm1v_t33_650M_UR90S_3,full_sequence
TP53,NM_000546.6(TP53):c.737T>A (p.Met246Lys),245,M,K,1,12.890213251113892,facebook/esm1v_t33_650M_UR90S_3,full_sequence
TP53,NM_000546.6(TP53):c.532C>G (p.His178Asp),177,H,D,1,7.97882080078125,facebook/esm1v_t33_650M_UR90S_3,full_sequence
TP53,NM_000546.6(TP53):c.318C>G (p.Ser106Arg),105,S,R,1,6.673095703125,facebook/esm1v_t33_650M_UR90S_3,full_sequence
TP53,NM_000546.6(TP53):c.473G>T (p.Arg158Leu),157,R,L,1,8.363710403442383,facebook/esm1v_t33_650M_UR90S_3,full_sequence
TP53,NM_000546.6(TP53):c.814G>C (p.Val272Leu),271,V,L,1,9.678829193115234,facebook/esm1v_t33_650M_UR90S_3,full_sequence
TP53,NM_000546.6(TP53):c.695T>G (p.Ile232Ser),231,I,S,1,11.387680053710938,facebook/esm1v_t33_650M_UR90S_3,full_sequence
TP53,NM_000546.6(TP53):c.338T>G (p.Phe113Cys),112,F,C,1,9.052742958068848,facebook/esm1v_t33_650M_UR90S_3,full_sequence
TP53,NM_000546.6(TP53):c.326T>G (p.Phe109Cys),108,F,C,1,9.058753967285156,facebook/esm1v_t33_650M_UR90S_3,full_sequence
TP53,NM_000546.6(TP53):c.380C>A (p.Ser127Tyr),126,S,Y,1,8.996232986450195,facebook/esm1v_t33_650M_UR90S_3,full_sequence
TP53,NM_000546.6(TP53):c.428T>C (p.Val143Ala),142,V,A,1,7.568634033203125,facebook/esm1v_t33_650M_UR90S_3,full_sequence
TP53,NM_000546.6(TP53):c.788A>G (p.Asn263Ser),262,N,S,0,3.96484375,facebook/esm1v_t33_650M_UR90S_3,full_sequence
TP53,NM_000546.6(TP53):c.389T>A (p.Leu130His),129,L,H,1,10.708688735961914,facebook/esm1v_t33_650M_UR90S_3,full_sequence
TP53,NM_000546.6(TP53):c.379T>A (p.Ser127Thr),126,S,T,1,8.066545486450195,facebook/esm1v_t33_650M_UR90S_3,full_sequence
TP53,NM_000546.6(TP53):c.328C>G (p.Arg110Gly),109,R,G,1,5.3251953125,facebook/esm1v_t33_650M_UR90S_3,full_sequence
TP53,NM_000546.6(TP53):c.176G>A (p.Gly59Asp),58,G,D,0,3.90576171875,facebook/esm1v_t33_650M_UR90S_3,full_sequence
TP53,NM_000546.6(TP53):c.85A>G (p.Asn29Asp),28,N,D,0,2.0654296875,facebook/esm1v_t33_650M_UR90S_3,full_sequence
TP53,NM_000546.6(TP53):c.761T>A (p.Ile254Asn),253,I,N,1,10.098821640014648,facebook/esm1v_t33_650M_UR90S_3,full_sequence
TP53,NM_000546.6(TP53):c.472C>G (p.Arg158Gly),157,R,G,1,9.621522903442383,facebook/esm1v_t33_650M_UR90S_3,full_sequence
TP53,NM_000546.6(TP53):c.576G>C (p.Gln192His),191,Q,H,0,5.025634765625,facebook/esm1v_t33_650M_UR90S_3,full_sequence
TP53,NM_000546.6(TP53):c.1009C>A (p.Arg337Ser),336,R,S,1,1.2392578125,facebook/esm1v_t33_650M_UR90S_3,full_sequence
TP53,NM_000546.6(TP53):c.472C>A (p.Arg158Ser),157,R,S,1,8.769960403442383,facebook/esm1v_t33_650M_UR90S_3,full_sequence
TP53,NM_000546.6(TP53):c.866T>C (p.Leu289Pro),288,L,P,0,10.392425537109375,facebook/esm1v_t33_650M_UR90S_3,full_sequence
TP53,NM_000546.6(TP53):c.751A>T (p.Ile251Phe),250,I,F,1,11.762168884277344,facebook/esm1v_t33_650M_UR90S_3,full_sequence
TP53,NM_000546.6(TP53):c.1164A>T (p.Glu388Asp),387,E,D,0,3.632080078125,facebook/esm1v_t33_650M_UR90S_3,full_sequence
TP53,NM_000546.6(TP53):c.386C>A (p.Ala129Asp),128,A,D,0,6.775299072265625,facebook/esm1v_t33_650M_UR90S_3,full_sequence
TP53,NM_000546.6(TP53):c.1162G>C (p.Glu388Gln),387,E,Q,0,4.153564453125,facebook/esm1v_t33_650M_UR90S_3,full_sequence
TP53,NM_000546.6(TP53):c.331C>G (p.Leu111Val),110,L,V,0,5.430027008056641,facebook/esm1v_t33_650M_UR90S_3,full_sequence
TP53,NM_000546.6(TP53):c.512A>G (p.Glu171Gly),170,E,G,1,10.428031921386719,facebook/esm1v_t33_650M_UR90S_3,full_sequence
TP53,NM_000546.6(TP53):c.653T>A (p.Val218Glu),217,V,E,1,12.225037574768066,facebook/esm1v_t33_650M_UR90S_3,full_sequence
TP53,NM_000546.6(TP53):c.503A>T (p.His168Leu),167,H,L,1,10.202313899993896,facebook/esm1v_t33_650M_UR90S_3,full_sequence
TP53,NM_000546.6(TP53):c.555C>G (p.Ser185Arg),184,S,R,0,4.684326171875,facebook/esm1v_t33_650M_UR90S_3,full_sequence
TP53,NM_000546.6(TP53):c.1177G>T (p.Asp393Tyr),392,D,Y,0,4.8408203125,facebook/esm1v_t33_650M_UR90S_3,full_sequence
TP53,NM_000546.6(TP53):c.761T>C (p.Ile254Thr),253,I,T,1,8.083196640014648,facebook/esm1v_t33_650M_UR90S_3,full_sequence
TP53,NM_000546.6(TP53):c.799C>G (p.Arg267Gly),266,R,G,1,11.30317211151123,facebook/esm1v_t33_650M_UR90S_3,full_sequence
TP53,NM_000546.6(TP53):c.929A>G (p.Asn310Ser),309,N,S,0,1.50048828125,facebook/esm1v_t33_650M_UR90S_3,full_sequence
TP53,NM_000546.6(TP53):c.1020G>T (p.Met340Ile),339,M,I,0,3.7996826171875,facebook/esm1v_t33_650M_UR90S_3,full_sequence
TP53,NM_000546.6(TP53):c.738G>C (p.Met246Ile),245,M,I,1,10.819900751113892,facebook/esm1v_t33_650M_UR90S_3,full_sequence
TP53,NM_000546.6(TP53):c.899C>T (p.Pro300Leu),299,P,L,0,4.0382080078125,facebook/esm1v_t33_650M_UR90S_3,full_sequence
TP53,NM_000546.6(TP53):c.94C>G (p.Leu32Val),31,L,V,0,4.885986328125,facebook/esm1v_t33_650M_UR90S_3,full_sequence
TP53,NM_000546.6(TP53):c.935C>A (p.Thr312Asn),311,T,N,0,4.060791015625,facebook/esm1v_t33_650M_UR90S_3,full_sequence
TP53,NM_000546.6(TP53):c.995T>A (p.Ile332Asn),331,I,N,1,13.461090087890625,facebook/esm1v_t33_650M_UR90S_3,full_sequence
TP53,NM_000546.6(TP53):c.1046A>G (p.Glu349Gly),348,E,G,0,4.9124755859375,facebook/esm1v_t33_650M_UR90S_3,full_sequence
TP53,NM_000546.6(TP53):c.172C>G (p.Pro58Ala),57,P,A,0,3.71533203125,facebook/esm1v_t33_650M_UR90S_3,full_sequence
TP53,NM_000546.6(TP53):c.170A>T (p.Asp57Val),56,D,V,0,2.73291015625,facebook/esm1v_t33_650M_UR90S_3,full_sequence
TP53,NM_000546.6(TP53):c.1063G>A (p.Ala355Thr),354,A,T,0,4.02783203125,facebook/esm1v_t33_650M_UR90S_3,full_sequence
TP53,NM_000546.6(TP53):c.196A>G (p.Met66Val),65,M,V,0,1.2060546875,facebook/esm1v_t33_650M_UR90S_3,full_sequence
TP53,NM_000546.6(TP53):c.23C>G (p.Pro8Arg),7,P,R,0,5.3577880859375,facebook/esm1v_t33_650M_UR90S_3,full_sequence
TP53,NM_000546.6(TP53):c.281C>T (p.Ser94Leu),93,S,L,0,4.556884765625,facebook/esm1v_t33_650M_UR90S_3,full_sequence
TP53,NM_000546.6(TP53):c.1123C>A (p.Gln375Lys),374,Q,K,0,2.2470703125,facebook/esm1v_t33_650M_UR90S_3,full_sequence
TP53,NM_000546.6(TP53):c.339C>A (p.Phe113Leu),112,F,L,1,7.447274208068848,facebook/esm1v_t33_650M_UR90S_3,full_sequence
TP53,NM_000546.6(TP53):c.513G>T (p.Glu171Asp),170,E,D,1,6.986625671386719,facebook/esm1v_t33_650M_UR90S_3,full_sequence
TP53,NM_000546.6(TP53):c.11C>A (p.Pro4Gln),3,P,Q,0,4.11572265625,facebook/esm1v_t33_650M_UR90S_3,full_sequence
TP53,NM_000546.6(TP53):c.938G>A (p.Ser313Asn),312,S,N,0,5.3067626953125,facebook/esm1v_t33_650M_UR90S_3,full_sequence
TP53,NM_000546.6(TP53):c.1006G>C (p.Glu336Gln),335,E,Q,0,6.633544921875,facebook/esm1v_t33_650M_UR90S_3,full_sequence
TP53,NM_000546.6(TP53):c.972T>A (p.Asp324Glu),323,D,E,0,4.3118743896484375,facebook/esm1v_t33_650M_UR90S_3,full_sequence
TP53,NM_000546.6(TP53):c.682G>T (p.Asp228Tyr),227,D,Y,0,7.86474609375,facebook/esm1v_t33_650M_UR90S_3,full_sequence
TP53,NM_000546.6(TP53):c.719G>A (p.Ser240Asn),239,S,N,1,10.530906915664673,facebook/esm1v_t33_650M_UR90S_3,full_sequence
TP53,NM_000546.6(TP53):c.494A>T (p.Gln165Leu),164,Q,L,1,5.6597900390625,facebook/esm1v_t33_650M_UR90S_3,full_sequence
TP53,NM_000546.6(TP53):c.806G>T (p.Ser269Ile),268,S,I,1,9.204700469970703,facebook/esm1v_t33_650M_UR90S_3,full_sequence
TP53,NM_000546.6(TP53):c.952C>T (p.Pro318Ser),317,P,S,0,3.614013671875,facebook/esm1v_t33_650M_UR90S_3,full_sequence
TP53,NM_000546.6(TP53):c.805A>T (p.Ser269Cys),268,S,C,0,5.786731719970703,facebook/esm1v_t33_650M_UR90S_3,full_sequence
TP53,NM_000546.6(TP53):c.977A>T (p.Glu326Val),325,E,V,1,8.0252685546875,facebook/esm1v_t33_650M_UR90S_3,full_sequence
TP53,NM_000546.6(TP53):c.970G>A (p.Asp324Asn),323,D,N,0,7.8392181396484375,facebook/esm1v_t33_650M_UR90S_3,full_sequence
TP53,NM_000546.6(TP53):c.1023C>G (p.Phe341Leu),340,F,L,0,0.32421875,facebook/esm1v_t33_650M_UR90S_3,full_sequence
TP53,NM_000546.6(TP53):c.1159A>C (p.Thr387Pro),386,T,P,0,3.494140625,facebook/esm1v_t33_650M_UR90S_3,full_sequence
TP53,NM_000546.6(TP53):c.325T>A (p.Phe109Ile),108,F,I,1,9.441566467285156,facebook/esm1v_t33_650M_UR90S_3,full_sequence
TP53,NM_000546.6(TP53):c.776A>C (p.Asp259Ala),258,D,A,1,11.429497241973877,facebook/esm1v_t33_650M_UR90S_3,full_sequence
TP53,NM_000546.6(TP53):c.1040C>G (p.Ala347Gly),346,A,G,0,7.8211669921875,facebook/esm1v_t33_650M_UR90S_3,full_sequence
TP53,NM_000546.6(TP53):c.1031T>G (p.Leu344Arg),343,L,R,1,11.53021240234375,facebook/esm1v_t33_650M_UR90S_3,full_sequence
TP53,NM_000546.6(TP53):c.829T>G (p.Cys277Gly),276,C,G,1,14.43746554851532,facebook/esm1v_t33_650M_UR90S_3,full_sequence
TP53,NM_000546.6(TP53):c.143A>G (p.Asp48Gly),47,D,G,0,4.1015625,facebook/esm1v_t33_650M_UR90S_3,full_sequence
TP53,NM_000546.6(TP53):c.812A>T (p.Glu271Val),270,E,V,1,10.432178497314453,facebook/esm1v_t33_650M_UR90S_3,full_sequence
TP53,NM_000546.6(TP53):c.1061A>T (p.Gln354Leu),353,Q,L,0,3.16015625,facebook/esm1v_t33_650M_UR90S_3,full_sequence
TP53,NM_000546.6(TP53):c.629A>G (p.Asn210Ser),209,N,S,0,4.21868896484375,facebook/esm1v_t33_650M_UR90S_3,full_sequence
TP53,NM_000546.6(TP53):c.547T>C (p.Ser183Pro),182,S,P,0,3.363525390625,facebook/esm1v_t33_650M_UR90S_3,full_sequence
TP53,NM_000546.6(TP53):c.503A>C (p.His168Pro),167,H,P,1,12.272626399993896,facebook/esm1v_t33_650M_UR90S_3,full_sequence
TP53,NM_000546.6(TP53):c.1004G>T (p.Arg335Leu),334,R,L,0,6.161285400390625,facebook/esm1v_t33_650M_UR90S_3,full_sequence
TP53,NM_000546.6(TP53):c.905G>C (p.Gly302Ala),301,G,A,0,3.40234375,facebook/esm1v_t33_650M_UR90S_3,full_sequence
TP53,NM_000546.6(TP53):c.956A>C (p.Lys319Thr),318,K,T,0,5.786285400390625,facebook/esm1v_t33_650M_UR90S_3,full_sequence
TP53,NM_000546.6(TP53):c.1061A>C (p.Gln354Pro),353,Q,P,0,3.205078125,facebook/esm1v_t33_650M_UR90S_3,full_sequence
TP53,NM_000546.6(TP53):c.612G>C (p.Glu204Asp),203,E,D,0,4.643302917480469,facebook/esm1v_t33_650M_UR90S_3,full_sequence
TP53,NM_000546.6(TP53):c.280T>G (p.Ser94Ala),93,S,A,0,3.795166015625,facebook/esm1v_t33_650M_UR90S_3,full_sequence
TP53,NM_000546.6(TP53):c.218T>A (p.Val73Glu),72,V,E,0,3.560546875,facebook/esm1v_t33_650M_UR90S_3,full_sequence
TP53,NM_000546.6(TP53):c.820G>A (p.Val274Ile),273,V,I,0,4.547691345214844,facebook/esm1v_t33_650M_UR90S_3,full_sequence
TP53,NM_000546.6(TP53):c.1029G>T (p.Glu343Asp),342,E,D,0,3.9482421875,facebook/esm1v_t33_650M_UR90S_3,full_sequence
TP53,NM_000546.6(TP53):c.227C>G (p.Ala76Gly),75,A,G,0,6.00421142578125,facebook/esm1v_t33_650M_UR90S_3,full_sequence
TP53,NM_000546.6(TP53):c.1067G>A (p.Gly356Glu),355,G,E,0,3.6044921875,facebook/esm1v_t33_650M_UR90S_3,full_sequence
TP53,NM_000546.6(TP53):c.635T>C (p.Phe212Ser),211,F,S,0,4.3505859375,facebook/esm1v_t33_650M_UR90S_3,full_sequence
TP53,NM_000546.6(TP53):c.496T>A (p.Ser166Thr),165,S,T,0,4.033447265625,facebook/esm1v_t33_650M_UR90S_3,full_sequence
TP53,NM_000546.6(TP53):c.372C>G (p.Cys124Trp),123,C,W,0,2.7437744140625,facebook/esm1v_t33_650M_UR90S_3,full_sequence
TP53,NM_000546.6(TP53):c.185A>G (p.Glu62Gly),61,E,G,0,3.575439453125,facebook/esm1v_t33_650M_UR90S_3,full_sequence
TP53,NM_000546.6(TP53):c.621T>G (p.Asp207Glu),206,D,E,0,5.7156524658203125,facebook/esm1v_t33_650M_UR90S_3,full_sequence
TP53,NM_000546.6(TP53):c.404G>C (p.Cys135Ser),134,C,S,1,9.780945301055908,facebook/esm1v_t33_650M_UR90S_3,full_sequence
TP53,NM_000546.6(TP53):c.247G>C (p.Ala83Pro),82,A,P,0,4.046783447265625,facebook/esm1v_t33_650M_UR90S_3,full_sequence
TP53,NM_000546.6(TP53):c.1132T>A (p.Ser378Thr),377,S,T,0,4.668212890625,facebook/esm1v_t33_650M_UR90S_3,full_sequence
TP53,NM_000546.6(TP53):c.62A>C (p.Asp21Ala),20,D,A,0,4.3221435546875,facebook/esm1v_t33_650M_UR90S_3,full_sequence
TP53,NM_000546.6(TP53):c.978A>C (p.Glu326Asp),325,E,D,0,5.3572998046875,facebook/esm1v_t33_650M_UR90S_3,full_sequence
TP53,NM_000546.6(TP53):c.718A>T (p.Ser240Cys),239,S,C,1,12.421531915664673,facebook/esm1v_t33_650M_UR90S_3,full_sequence
TP53,NM_000546.6(TP53):c.370T>C (p.Cys124Arg),123,C,R,1,8.1148681640625,facebook/esm1v_t33_650M_UR90S_3,full_sequence
TP53,NM_000546.6(TP53):c.1049T>G (p.Leu350Arg),349,L,R,0,3.681640625,facebook/esm1v_t33_650M_UR90S_3,full_sequence
TP53,NM_000546.6(TP53):c.717C>A (p.Asn239Lys),238,N,K,1,9.270050048828125,facebook/esm1v_t33_650M_UR90S_3,full_sequence
TP53,NM_000546.6(TP53):c.283T>A (p.Ser95Thr),94,S,T,0,4.53131103515625,facebook/esm1v_t33_650M_UR90S_3,full_sequence
TP53,NM_000546.6(TP53):c.994A>C (p.Ile332Leu),331,I,L,0,5.386871337890625,facebook/esm1v_t33_650M_UR90S_3,full_sequence
TP53,NM_000546.6(TP53):c.236C>T (p.Ala79Val),78,A,V,0,5.12164306640625,facebook/esm1v_t33_650M_UR90S_3,full_sequence
TP53,NM_000546.6(TP53):c.391A>C (p.Asn131His),130,N,H,1,6.10760498046875,facebook/esm1v_t33_650M_UR90S_3,full_sequence
TP53,NM_000546.6(TP53):c.860A>G (p.Glu287Gly),286,E,G,0,9.51202392578125,facebook/esm1v_t33_650M_UR90S_3,full_sequence
TP53,NM_000546.6(TP53):c.223C>T (p.Pro75Ser),74,P,S,0,5.459625244140625,facebook/esm1v_t33_650M_UR90S_3,full_sequence
