gene,wt_aa,position,mut_aa,label,name,variant_id,panel_name
TP53,P,3,L,0,NM_000546.6(TP53):c.11C>T (p.Pro4Leu),TP53:P3L,tp53
TP53,P,3,Q,0,NM_000546.6(TP53):c.11C>A (p.Pro4Gln),TP53:P3Q,tp53
TP53,D,6,E,0,NM_000546.6(TP53):c.21T>A (p.Asp7Glu),TP53:D6E,tp53
TP53,P,7,L,0,NM_000546.6(TP53):c.23C>T (p.Pro8Leu),TP53:P7L,tp53
TP53,P,7,R,0,NM_000546.6(TP53):c.23C>G (p.Pro8Arg),TP53:P7R,tp53
TP53,V,9,I,0,NM_000546.6(TP53):c.28G>A (p.Val10Ile),TP53:V9I,tp53
TP53,V,9,L,0,NM_000546.6(TP53):c.28G>C (p.Val10Leu),TP53:V9L,tp53
TP53,D,20,A,0,NM_000546.6(TP53):c.62A>C (p.Asp21Ala),TP53:D20A,tp53
TP53,N,28,D,0,NM_000546.6(TP53):c.85A>G (p.Asn29Asp),TP53:N28D,tp53
TP53,L,31,V,0,NM_000546.6(TP53):c.94C>G (p.Leu32Val),TP53:L31V,tp53
TP53,L,34,F,0,NM_000546.6(TP53):c.105G>C (p.Leu35Phe),TP53:L34F,tp53
TP53,P,35,Q,0,NM_000546.6(TP53):c.107C>A (p.Pro36Gln),TP53:P35Q,tp53
TP53,P,46,S,0,NM_000546.6(TP53):c.139C>T (p.Pro47Ser),TP53:P46S,tp53
TP53,D,47,E,0,NM_000546.6(TP53):c.144C>A (p.Asp48Glu),TP53:D47E,tp53
TP53,D,47,G,0,NM_000546.6(TP53):c.143A>G (p.Asp48Gly),TP53:D47G,tp53
TP53,D,48,H,0,NM_000546.6(TP53):c.145G>C (p.Asp49His),TP53:D48H,tp53
TP53,D,48,N,0,NM_000546.6(TP53):c.145G>A (p.Asp49Asn),TP53:D48N,tp53
TP53,I,49,T,0,NM_000546.6(TP53):c.149T>C (p.Ile50Thr),TP53:I49T,tp53
TP53,D,56,V,0,NM_000546.6(TP53):c.170A>T (p.Asp57Val),TP53:D56V,tp53
TP53,P,57,A,0,NM_000546.6(TP53):c.172C>G (p.Pro58Ala),TP53:P57A,tp53
TP53,G,58,D,0,NM_000546.6(TP53):c.176G>A (p.Gly59Asp),TP53:G58D,tp53
TP53,E,61,G,0,NM_000546.6(TP53):c.185A>G (p.Glu62Gly),TP53:E61G,tp53
TP53,A,62,G,0,NM_000546.6(TP53):c.188C>G (p.Ala63Gly),TP53:A62G,tp53
TP53,A,62,T,0,NM_000546.6(TP53):c.187G>A (p.Ala63Thr),TP53:A62T,tp53
TP53,A,62,V,0,NM_000546.6(TP53):c.188C>T (p.Ala63Val),TP53:A62V,tp53
TP53,M,65,V,0,NM_000546.6(TP53):c.196A>G (p.Met66Val),TP53:M65V,tp53
TP53,P,71,A,0,NM_000546.6(TP53):c.214C>G (p.Pro72Ala),TP53:P71A,tp53
TP53,P,71,H,0,NM_000546.6(TP53):c.215C>A (p.Pro72His),TP53:P71H,tp53
TP53,P,71,R,0,NM_000546.6(TP53):c.215C>G (p.Pro72Arg),TP53:P71R,tp53
TP53,V,72,E,0,NM_000546.6(TP53):c.218T>A (p.Val73Glu),TP53:V72E,tp53
TP53,V,72,M,0,NM_000546.6(TP53):c.217G>A (p.Val73Met),TP53:V72M,tp53
TP53,A,73,V,0,NM_000546.6(TP53):c.221C>T (p.Ala74Val),TP53:A73V,tp53
TP53,P,74,S,0,NM_000546.6(TP53):c.223C>T (p.Pro75Ser),TP53:P74S,tp53
TP53,A,75,G,0,NM_000546.6(TP53):c.227C>G (p.Ala76Gly),TP53:A75G,tp53
TP53,A,78,V,0,NM_000546.6(TP53):c.236C>T (p.Ala79Val),TP53:A78V,tp53
TP53,P,81,L,0,NM_000546.6(TP53):c.245C>T (p.Pro82Leu),TP53:P81L,tp53
TP53,A,82,P,0,NM_000546.6(TP53):c.247G>C (p.Ala83Pro),TP53:A82P,tp53
TP53,A,83,T,0,NM_000546.6(TP53):c.250G>A (p.Ala84Thr),TP53:A83T,tp53
TP53,S,93,A,0,NM_000546.6(TP53):c.280T>G (p.Ser94Ala),TP53:S93A,tp53
TP53,S,93,L,0,NM_000546.6(TP53):c.281C>T (p.Ser94Leu),TP53:S93L,tp53
TP53,S,94,T,0,NM_000546.6(TP53):c.283T>A (p.Ser95Thr),TP53:S94T,tp53
TP53,S,105,R,1,NM_000546.6(TP53):c.318C>G (p.Ser106Arg),TP53:S105R,tp53
TP53,Y,106,H,0,NM_000546.5(TP53):c.319T>C (p.Tyr107His),TP53:Y106H,tp53
TP53,G,107,S,0,NM_000546.6(TP53):c.322G>A (p.Gly108Ser),TP53:G107S,tp53
TP53,F,108,C,1,NM_000546.6(TP53):c.326T>G (p.Phe109Cys),TP53:F108C,tp53
TP53,F,108,I,1,NM_000546.6(TP53):c.325T>A (p.Phe109Ile),TP53:F108I,tp53
TP53,R,109,G,1,NM_000546.6(TP53):c.328C>G (p.Arg110Gly),TP53:R109G,tp53
TP53,R,109,H,0,NM_000546.6(TP53):c.329G>A (p.Arg110His),TP53:R109H,tp53
TP53,R,109,L,1,NM_000546.6(TP53):c.329G>T (p.Arg110Leu),TP53:R109L,tp53
TP53,R,109,P,1,NM_000546.6(TP53):c.329G>C (p.Arg110Pro),TP53:R109P,tp53
TP53,L,110,P,1,NM_000546.6(TP53):c.332T>C (p.Leu111Pro),TP53:L110P,tp53
TP53,L,110,Q,1,NM_000546.6(TP53):c.332T>A (p.Leu111Gln),TP53:L110Q,tp53
TP53,L,110,R,1,NM_000546.6(TP53):c.332T>G (p.Leu111Arg),TP53:L110R,tp53
TP53,L,110,V,0,NM_000546.6(TP53):c.331C>G (p.Leu111Val),TP53:L110V,tp53
TP53,F,112,C,1,NM_000546.6(TP53):c.338T>G (p.Phe113Cys),TP53:F112C,tp53
TP53,F,112,L,1,NM_000546.6(TP53):c.339C>A (p.Phe113Leu),TP53:F112L,tp53
TP53,H,114,R,0,NM_000546.6(TP53):c.344A>G (p.His115Arg),TP53:H114R,tp53
TP53,T,117,I,0,NM_000546.6(TP53):c.353C>T (p.Thr118Ile),TP53:T117I,tp53
TP53,V,121,M,0,NM_000546.6(TP53):c.364G>A (p.Val122Met),TP53:V121M,tp53
TP53,C,123,R,1,NM_000546.6(TP53):c.370T>C (p.Cys124Arg),TP53:C123R,tp53
TP53,C,123,S,0,NM_000546.6(TP53):c.370T>A (p.Cys124Ser),TP53:C123S,tp53
TP53,C,123,W,0,NM_000546.6(TP53):c.372C>G (p.Cys124Trp),TP53:C123W,tp53
TP53,T,124,K,1,NM_000546.6(TP53):c.374C>A (p.Thr125Lys),TP53:T124K,tp53
TP53,S,126,C,1,NM_000546.6(TP53):c.380C>G (p.Ser127Cys),TP53:S126C,tp53
TP53,S,126,T,1,NM_000546.6(TP53):c.379T>A (p.Ser127Thr),TP53:S126T,tp53
TP53,S,126,Y,1,NM_000546.6(TP53):c.380C>A (p.Ser127Tyr),TP53:S126Y,tp53
TP53,A,128,D,0,NM_000546.6(TP53):c.386C>A (p.Ala129Asp),TP53:A128D,tp53
TP53,L,129,H,1,NM_000546.6(TP53):c.389T>A (p.Leu130His),TP53:L129H,tp53
TP53,L,129,P,1,NM_000546.6(TP53):c.389T>C (p.Leu130Pro),TP53:L129P,tp53
TP53,N,130,H,1,NM_000546.6(TP53):c.391A>C (p.Asn131His),TP53:N130H,tp53
TP53,K,131,N,1,NM_000546.6(TP53):c.396G>C (p.Lys132Asn),TP53:K131N,tp53
TP53,M,132,T,1,NM_000546.6(TP53):c.398T>C (p.Met133Thr),TP53:M132T,tp53
TP53,F,133,C,1,NM_000546.6(TP53):c.401T>G (p.Phe134Cys),TP53:F133C,tp53
TP53,C,134,G,1,NM_000546.6(TP53):c.403T>G (p.Cys135Gly),TP53:C134G,tp53
TP53,C,134,S,1,NM_000546.6(TP53):c.404G>C (p.Cys135Ser),TP53:C134S,tp53
TP53,A,137,P,1,NM_000546.6(TP53):c.412G>C (p.Ala138Pro),TP53:A137P,tp53
TP53,A,137,V,1,NM_000546.6(TP53):c.413C>T (p.Ala138Val),TP53:A137V,tp53
TP53,C,140,W,1,NM_000546.6(TP53):c.423C>G (p.Cys141Trp),TP53:C140W,tp53
TP53,V,142,A,1,NM_000546.6(TP53):c.428T>C (p.Val143Ala),TP53:V142A,tp53
TP53,P,150,A,1,NM_000546.6(TP53):c.451C>G (p.Pro151Ala),TP53:P150A,tp53
TP53,P,151,L,1,NM_000546.6(TP53):c.455C>T (p.Pro152Leu),TP53:P151L,tp53
TP53,V,156,I,0,NM_000546.6(TP53):c.469G>A (p.Val157Ile),TP53:V156I,tp53
TP53,R,157,G,1,NM_000546.6(TP53):c.472C>G (p.Arg158Gly),TP53:R157G,tp53
TP53,R,157,L,1,NM_000546.6(TP53):c.473G>T (p.Arg158Leu),TP53:R157L,tp53
TP53,R,157,P,1,NM_000546.6(TP53):c.473G>C (p.Arg158Pro),TP53:R157P,tp53
TP53,R,157,S,1,NM_000546.6(TP53):c.472C>A (p.Arg158Ser),TP53:R157S,tp53
TP53,M,159,I,0,NM_000546.6(TP53):c.480G>A (p.Met160Ile),TP53:M159I,tp53
TP53,Y,162,C,1,NM_000546.6(TP53):c.488A>G (p.Tyr163Cys),TP53:Y162C,tp53
TP53,Y,162,H,1,NM_000546.6(TP53):c.487T>C (p.Tyr163His),TP53:Y162H,tp53
TP53,K,163,E,1,NM_000546.6(TP53):c.490A>G (p.Lys164Glu),TP53:K163E,tp53
TP53,Q,164,L,1,NM_000546.6(TP53):c.494A>T (p.Gln165Leu),TP53:Q164L,tp53
TP53,S,165,T,0,NM_000546.6(TP53):c.496T>A (p.Ser166Thr),TP53:S165T,tp53
TP53,H,167,L,1,NM_000546.6(TP53):c.503A>T (p.His168Leu),TP53:H167L,tp53
TP53,H,167,P,1,NM_000546.6(TP53):c.503A>C (p.His168Pro),TP53:H167P,tp53
TP53,T,169,M,0,NM_000546.6(TP53):c.509C>T (p.Thr170Met),TP53:T169M,tp53
TP53,E,170,D,1,NM_000546.6(TP53):c.513G>T (p.Glu171Asp),TP53:E170D,tp53
TP53,E,170,G,1,NM_000546.6(TP53):c.512A>G (p.Glu171Gly),TP53:E170G,tp53
TP53,E,170,K,0,NM_000546.6(TP53):c.511G>A (p.Glu171Lys),TP53:E170K,tp53
TP53,V,172,M,1,NM_000546.6(TP53):c.517G>A (p.Val173Met),TP53:V172M,tp53
TP53,R,174,G,1,NM_000546.6(TP53):c.523C>G (p.Arg175Gly),TP53:R174G,tp53
TP53,R,174,H,1,NM_000546.6(TP53):c.524G>A (p.Arg175His),TP53:R174H,tp53
TP53,R,174,L,1,NM_000546.6(TP53):c.524G>T (p.Arg175Leu),TP53:R174L,tp53
TP53,C,175,Y,1,NM_000546.6(TP53):c.527G>A (p.Cys176Tyr),TP53:C175Y,tp53
TP53,H,177,D,1,NM_000546.6(TP53):c.532C>G (p.His178Asp),TP53:H177D,tp53
TP53,H,178,Q,1,NM_000546.6(TP53):c.537T>A (p.His179Gln),TP53:H178Q,tp53
TP53,E,179,K,1,NM_000546.6(TP53):c.538G>A (p.Glu180Lys),TP53:E179K,tp53
TP53,R,180,C,1,NM_000546.6(TP53):c.541C>T (p.Arg181Cys),TP53:R180C,tp53
TP53,S,182,P,0,NM_000546.6(TP53):c.547T>C (p.Ser183Pro),TP53:S182P,tp53
TP53,S,184,N,0,NM_000546.6(TP53):c.554G>A (p.Ser185Asn),TP53:S184N,tp53
TP53,S,184,R,0,NM_000546.6(TP53):c.555C>G (p.Ser185Arg),TP53:S184R,tp53
TP53,D,185,E,0,NM_000546.6(TP53):c.558T>A (p.Asp186Glu),TP53:D185E,tp53
TP53,D,185,N,0,NM_000546.6(TP53):c.556G>A (p.Asp186Asn),TP53:D185N,tp53
TP53,P,189,L,1,NM_000546.6(TP53):c.569C>T (p.Pro190Leu),TP53:P189L,tp53
TP53,P,190,R,0,NM_000546.6(TP53):c.572C>G (p.Pro191Arg),TP53:P190R,tp53
TP53,Q,191,H,0,NM_000546.6(TP53):c.576G>C (p.Gln192His),TP53:Q191H,tp53
TP53,H,192,P,1,NM_000546.6(TP53):c.578A>C (p.His193Pro),TP53:H192P,tp53
TP53,L,193,R,1,NM_000546.6(TP53):c.581T>G (p.Leu194Arg),TP53:L193R,tp53
TP53,I,194,T,1,NM_000546.6(TP53):c.584T>C (p.Ile195Thr),TP53:I194T,tp53
TP53,V,196,M,1,NM_000546.6(TP53):c.589G>A (p.Val197Met),TP53:V196M,tp53
TP53,G,198,V,1,NM_000546.6(TP53):c.596G>T (p.Gly199Val),TP53:G198V,tp53
TP53,E,203,D,0,NM_000546.6(TP53):c.612G>C (p.Glu204Asp),TP53:E203D,tp53
TP53,Y,204,C,1,NM_000546.6(TP53):c.614A>G (p.Tyr205Cys),TP53:Y204C,tp53
TP53,D,206,E,0,NM_000546.6(TP53):c.621T>G (p.Asp207Glu),TP53:D206E,tp53
TP53,N,209,S,0,NM_000546.6(TP53):c.629A>G (p.Asn210Ser),TP53:N209S,tp53
TP53,F,211,S,0,NM_000546.6(TP53):c.635T>C (p.Phe212Ser),TP53:F211S,tp53
TP53,H,213,L,1,NM_000546.6(TP53):c.641A>T (p.His214Leu),TP53:H213L,tp53
TP53,H,213,R,1,NM_000546.6(TP53):c.641A>G (p.His214Arg),TP53:H213R,tp53
TP53,V,217,E,1,NM_000546.6(TP53):c.653T>A (p.Val218Glu),TP53:V217E,tp53
TP53,Y,219,C,1,NM_000546.6(TP53):c.659A>G (p.Tyr220Cys),TP53:Y219C,tp53
TP53,Y,219,S,1,NM_000546.6(TP53):c.659A>C (p.Tyr220Ser),TP53:Y219S,tp53
TP53,D,227,Y,0,NM_000546.6(TP53):c.682G>T (p.Asp228Tyr),TP53:D227Y,tp53
TP53,I,231,S,1,NM_000546.6(TP53):c.695T>G (p.Ile232Ser),TP53:I231S,tp53
TP53,N,234,S,0,NM_000546.6(TP53):c.704A>G (p.Asn235Ser),TP53:N234S,tp53
TP53,M,236,I,1,NM_000546.6(TP53):c.711G>A (p.Met237Ile),TP53:M236I,tp53
TP53,N,238,K,1,NM_000546.6(TP53):c.717C>A (p.Asn239Lys),TP53:N238K,tp53
TP53,S,239,C,1,NM_000546.6(TP53):c.718A>T (p.Ser240Cys),TP53:S239C,tp53
TP53,S,239,N,1,NM_000546.6(TP53):c.719G>A (p.Ser240Asn),TP53:S239N,tp53
TP53,C,241,W,1,NM_000546.6(TP53):c.726C>G (p.Cys242Trp),TP53:C241W,tp53
TP53,G,243,S,1,NM_000546.6(TP53):c.730G>A (p.Gly244Ser),TP53:G243S,tp53
TP53,G,243,V,1,NM_000546.6(TP53):c.731G>T (p.Gly244Val),TP53:G243V,tp53
TP53,G,244,C,1,NM_000546.6(TP53):c.733G>T (p.Gly245Cys),TP53:G244C,tp53
TP53,G,244,S,1,NM_000546.6(TP53):c.733G>A (p.Gly245Ser),TP53:G244S,tp53
TP53,G,244,V,1,NM_000546.6(TP53):c.734G>T (p.Gly245Val),TP53:G244V,tp53
TP53,M,245,I,1,NM_000546.6(TP53):c.738G>C (p.Met246Ile),TP53:M245I,tp53
TP53,M,245,K,1,NM_000546.6(TP53):c.737T>A (p.Met246Lys),TP53:M245K,tp53
TP53,R,247,L,1,NM_000546.6(TP53):c.743G>T (p.Arg248Leu),TP53:R247L,tp53
TP53,R,247,Q,1,NM_000546.6(TP53):c.743G>A (p.Arg248Gln),TP53:R247Q,tp53
TP53,R,247,W,1,NM_000546.6(TP53):c.742C>T (p.Arg248Trp),TP53:R247W,tp53
TP53,I,250,F,1,NM_000546.6(TP53):c.751A>T (p.Ile251Phe),TP53:I250F,tp53
TP53,I,253,N,1,NM_000546.6(TP53):c.761T>A (p.Ile254Asn),TP53:I253N,tp53
TP53,I,253,T,1,NM_000546.6(TP53):c.761T>C (p.Ile254Thr),TP53:I253T,tp53
TP53,I,253,V,0,NM_000546.6(TP53):c.760A>G (p.Ile254Val),TP53:I253V,tp53
TP53,D,258,A,1,NM_000546.6(TP53):c.776A>C (p.Asp259Ala),TP53:D258A,tp53
TP53,S,259,Y,0,NM_000546.6(TP53):c.779C>A (p.Ser260Tyr),TP53:S259Y,tp53
TP53,G,261,S,0,NM_000546.6(TP53):c.784G>A (p.Gly262Ser),TP53:G261S,tp53
TP53,N,262,S,0,NM_000546.6(TP53):c.788A>G (p.Asn263Ser),TP53:N262S,tp53
TP53,G,265,R,1,NM_000546.6(TP53):c.796G>C (p.Gly266Arg),TP53:G265R,tp53
TP53,R,266,G,1,NM_000546.6(TP53):c.799C>G (p.Arg267Gly),TP53:R266G,tp53
TP53,R,266,P,1,NM_000546.6(TP53):c.800G>C (p.Arg267Pro),TP53:R266P,tp53
TP53,R,266,Q,1,NM_000546.6(TP53):c.800G>A (p.Arg267Gln),TP53:R266Q,tp53
TP53,S,268,C,0,NM_000546.6(TP53):c.805A>T (p.Ser269Cys),TP53:S268C,tp53
TP53,S,268,I,1,NM_000546.6(TP53):c.806G>T (p.Ser269Ile),TP53:S268I,tp53
TP53,F,269,V,1,NM_000546.6(TP53):c.808T>G (p.Phe270Val),TP53:F269V,tp53
TP53,E,270,V,1,NM_000546.6(TP53):c.812A>T (p.Glu271Val),TP53:E270V,tp53
TP53,V,271,L,1,NM_000546.6(TP53):c.814G>C (p.Val272Leu),TP53:V271L,tp53
TP53,V,271,M,1,NM_000546.6(TP53):c.814G>A (p.Val272Met),TP53:V271M,tp53
TP53,R,272,H,1,NM_000546.6(TP53):c.818G>A (p.Arg273His),TP53:R272H,tp53
TP53,R,272,L,1,NM_000546.6(TP53):c.818G>T (p.Arg273Leu),TP53:R272L,tp53
TP53,R,272,S,1,NM_000546.6(TP53):c.817C>A (p.Arg273Ser),TP53:R272S,tp53
TP53,V,273,I,0,NM_000546.6(TP53):c.820G>A (p.Val274Ile),TP53:V273I,tp53
TP53,C,274,F,1,NM_000546.6(TP53):c.824G>T (p.Cys275Phe),TP53:C274F,tp53
TP53,C,276,G,1,NM_000546.6(TP53):c.829T>G (p.Cys277Gly),TP53:C276G,tp53
TP53,P,277,L,1,NM_000546.6(TP53):c.833C>T (p.Pro278Leu),TP53:P277L,tp53
TP53,D,280,G,1,NM_000546.6(TP53):c.842A>G (p.Asp281Gly),TP53:D280G,tp53
TP53,R,281,G,1,NM_000546.6(TP53):c.844C>G (p.Arg282Gly),TP53:R281G,tp53
TP53,R,282,C,0,NM_000546.6(TP53):c.847C>T (p.Arg283Cys),TP53:R282C,tp53
TP53,T,283,I,0,NM_000546.6(TP53):c.851C>T (p.Thr284Ile),TP53:T283I,tp53
TP53,E,284,V,1,NM_000546.6(TP53):c.854A>T (p.Glu285Val),TP53:E284V,tp53
TP53,E,285,A,1,NM_000546.6(TP53):c.857A>C (p.Glu286Ala),TP53:E285A,tp53
TP53,E,286,G,0,NM_000546.6(TP53):c.860A>G (p.Glu287Gly),TP53:E286G,tp53
TP53,L,288,P,0,NM_000546.6(TP53):c.866T>C (p.Leu289Pro),TP53:L288P,tp53
TP53,R,289,C,0,NM_000546.6(TP53):c.868C>T (p.Arg290Cys),TP53:R289C,tp53
TP53,R,289,H,0,NM_000546.6(TP53):c.869G>A (p.Arg290His),TP53:R289H,tp53
TP53,K,291,R,0,NM_000546.6(TP53):c.875A>G (p.Lys292Arg),TP53:K291R,tp53
TP53,G,292,W,0,NM_000546.6(TP53):c.877G>T (p.Gly293Trp),TP53:G292W,tp53
TP53,P,294,S,0,NM_000546.6(TP53):c.883C>T (p.Pro295Ser),TP53:P294S,tp53
TP53,H,295,R,1,NM_000546.6(TP53):c.887A>G (p.His296Arg),TP53:H295R,tp53
TP53,H,295,Y,0,NM_000546.6(TP53):c.886C>T (p.His296Tyr),TP53:H295Y,tp53
TP53,E,297,K,0,NM_000546.6(TP53):c.892G>A (p.Glu298Lys),TP53:E297K,tp53
TP53,P,299,L,0,NM_000546.6(TP53):c.899C>T (p.Pro300Leu),TP53:P299L,tp53
TP53,G,301,A,0,NM_000546.6(TP53):c.905G>C (p.Gly302Ala),TP53:G301A,tp53
TP53,S,302,G,0,NM_000546.6(TP53):c.907A>G (p.Ser303Gly),TP53:S302G,tp53
TP53,A,306,G,0,NM_000546.6(TP53):c.920C>G (p.Ala307Gly),TP53:A306G,tp53
TP53,N,309,K,0,NM_000546.6(TP53):c.930C>G (p.Asn310Lys),TP53:N309K,tp53
TP53,N,309,S,0,NM_000546.6(TP53):c.929A>G (p.Asn310Ser),TP53:N309S,tp53
TP53,T,311,N,0,NM_000546.6(TP53):c.935C>A (p.Thr312Asn),TP53:T311N,tp53
TP53,T,311,S,0,NM_000546.6(TP53):c.935C>G (p.Thr312Ser),TP53:T311S,tp53
TP53,S,312,N,0,NM_000546.6(TP53):c.938G>A (p.Ser313Asn),TP53:S312N,tp53
TP53,S,314,T,0,NM_000546.6(TP53):c.943T>A (p.Ser315Thr),TP53:S314T,tp53
TP53,P,315,T,0,NM_000546.6(TP53):c.946C>A (p.Pro316Thr),TP53:P315T,tp53
TP53,Q,316,K,0,NM_000546.6(TP53):c.949C>A (p.Gln317Lys),TP53:Q316K,tp53
TP53,P,317,S,0,NM_000546.6(TP53):c.952C>T (p.Pro318Ser),TP53:P317S,tp53
TP53,K,318,T,0,NM_000546.6(TP53):c.956A>C (p.Lys319Thr),TP53:K318T,tp53
TP53,D,323,E,0,NM_000546.6(TP53):c.972T>A (p.Asp324Glu),TP53:D323E,tp53
TP53,D,323,N,0,NM_000546.6(TP53):c.970G>A (p.Asp324Asn),TP53:D323N,tp53
TP53,E,325,D,0,NM_000546.6(TP53):c.978A>C (p.Glu326Asp),TP53:E325D,tp53
TP53,E,325,V,1,NM_000546.6(TP53):c.977A>T (p.Glu326Val),TP53:E325V,tp53
TP53,I,331,L,0,NM_000546.6(TP53):c.994A>C (p.Ile332Leu),TP53:I331L,tp53
TP53,I,331,N,1,NM_000546.6(TP53):c.995T>A (p.Ile332Asn),TP53:I331N,tp53
TP53,R,332,C,0,NM_000546.6(TP53):c.997C>T (p.Arg333Cys),TP53:R332C,tp53
TP53,R,332,H,0,NM_000546.6(TP53):c.998G>A (p.Arg333His),TP53:R332H,tp53
TP53,G,333,W,1,NM_000546.6(TP53):c.1000G>T (p.Gly334Trp),TP53:G333W,tp53
TP53,R,334,C,0,NM_000546.6(TP53):c.1003C>T (p.Arg335Cys),TP53:R334C,tp53
TP53,R,334,L,0,NM_000546.6(TP53):c.1004G>T (p.Arg335Leu),TP53:R334L,tp53
TP53,E,335,Q,0,NM_000546.6(TP53):c.1006G>C (p.Glu336Gln),TP53:E335Q,tp53
TP53,R,336,C,1,NM_000546.6(TP53):c.1009C>T (p.Arg337Cys),TP53:R336C,tp53
TP53,R,336,G,1,NM_000546.6(TP53):c.1009C>G (p.Arg337Gly),TP53:R336G,tp53
TP53,R,336,L,1,NM_000546.6(TP53):c.1010G>T (p.Arg337Leu),TP53:R336L,tp53
TP53,R,336,P,1,NM_000546.6(TP53):c.1010G>C (p.Arg337Pro),TP53:R336P,tp53
TP53,R,336,S,1,NM_000546.6(TP53):c.1009C>A (p.Arg337Ser),TP53:R336S,tp53
TP53,E,338,Q,0,NM_000546.6(TP53):c.1015G>C (p.Glu339Gln),TP53:E338Q,tp53
TP53,M,339,I,0,NM_000546.6(TP53):c.1020G>T (p.Met340Ile),TP53:M339I,tp53
TP53,F,340,L,0,NM_000546.6(TP53):c.1023C>G (p.Phe341Leu),TP53:F340L,tp53
TP53,R,341,P,1,NM_000546.6(TP53):c.1025G>C (p.Arg342Pro),TP53:R341P,tp53
TP53,R,341,Q,0,NM_000546.6(TP53):c.1025G>A (p.Arg342Gln),TP53:R341Q,tp53
TP53,E,342,D,0,NM_000546.6(TP53):c.1029G>T (p.Glu343Asp),TP53:E342D,tp53
TP53,L,343,P,1,NM_000546.6(TP53):c.1031T>C (p.Leu344Pro),TP53:L343P,tp53
TP53,L,343,R,1,NM_000546.6(TP53):c.1031T>G (p.Leu344Arg),TP53:L343R,tp53
TP53,A,346,D,1,NM_000546.6(TP53):c.1040C>A (p.Ala347Asp),TP53:A346D,tp53
TP53,A,346,G,0,NM_000546.6(TP53):c.1040C>G (p.Ala347Gly),TP53:A346G,tp53
TP53,E,348,G,0,NM_000546.6(TP53):c.1046A>G (p.Glu349Gly),TP53:E348G,tp53
TP53,L,349,R,0,NM_000546.6(TP53):c.1049T>G (p.Leu350Arg),TP53:L349R,tp53
TP53,Q,353,K,0,NM_000546.6(TP53):c.1060C>A (p.Gln354Lys),TP53:Q353K,tp53
TP53,Q,353,L,0,NM_000546.6(TP53):c.1061A>T (p.Gln354Leu),TP53:Q353L,tp53
TP53,Q,353,P,0,NM_000546.6(TP53):c.1061A>C (p.Gln354Pro),TP53:Q353P,tp53
TP53,A,354,T,0,NM_000546.6(TP53):c.1063G>A (p.Ala355Thr),TP53:A354T,tp53
TP53,G,355,E,0,NM_000546.6(TP53):c.1067G>A (p.Gly356Glu),TP53:G355E,tp53
TP53,G,355,R,0,NM_000546.6(TP53):c.1066G>C (p.Gly356Arg),TP53:G355R,tp53
TP53,G,359,A,0,NM_000546.6(TP53):c.1079G>C (p.Gly360Ala),TP53:G359A,tp53
TP53,H,364,Y,0,NM_000546.6(TP53):c.1093C>T (p.His365Tyr),TP53:H364Y,tp53
TP53,S,365,A,0,NM_000546.6(TP53):c.1096T>G (p.Ser366Ala),TP53:S365A,tp53
TP53,G,373,R,0,NM_000546.6(TP53):c.1120G>C (p.Gly374Arg),TP53:G373R,tp53
TP53,Q,374,K,0,NM_000546.6(TP53):c.1123C>A (p.Gln375Lys),TP53:Q374K,tp53
TP53,S,377,T,0,NM_000546.6(TP53):c.1132T>A (p.Ser378Thr),TP53:S377T,tp53
TP53,R,378,H,0,NM_000546.6(TP53):c.1136G>A (p.Arg379His),TP53:R378H,tp53
TP53,R,378,L,0,NM_000546.6(TP53):c.1136G>T (p.Arg379Leu),TP53:R378L,tp53
TP53,R,378,S,0,NM_000546.6(TP53):c.1135C>A (p.Arg379Ser),TP53:R378S,tp53
TP53,M,383,T,0,NM_000546.6(TP53):c.1151T>C (p.Met384Thr),TP53:M383T,tp53
TP53,M,383,V,0,NM_000546.6(TP53):c.1150A>G (p.Met384Val),TP53:M383V,tp53
TP53,F,384,L,0,NM_000546.6(TP53):c.1153T>C (p.Phe385Leu),TP53:F384L,tp53
TP53,T,386,P,0,NM_000546.6(TP53):c.1159A>C (p.Thr387Pro),TP53:T386P,tp53
TP53,E,387,A,0,NM_000546.6(TP53):c.1163A>C (p.Glu388Ala),TP53:E387A,tp53
TP53,E,387,D,0,NM_000546.6(TP53):c.1164A>T (p.Glu388Asp),TP53:E387D,tp53
TP53,E,387,Q,0,NM_000546.6(TP53):c.1162G>C (p.Glu388Gln),TP53:E387Q,tp53
TP53,D,392,Y,0,NM_000546.6(TP53):c.1177G>T (p.Asp393Tyr),TP53:D392Y,tp53
